{
  "type": "repurposed_structures:generic_jigsaw_structure",
  "biomes": "#repurposed_structures:has_structure/fortresses/jungle",
  "start_pool": "bygonenether:jungle/fortress/start_pool",
  "size": 11,
  "project_start_to_heightmap": "WORLD_SURFACE_WG",
  "start_height": {
    "absolute": -16
  },
  "step": "surface_structures",
  "terrain_adaptation": "none",
  "valid_biome_radius_check": 4,
  "use_expansion_hack": false,
  "max_distance_from_center": 128,
  "spawn_overrides": {
    "monster": {
      "bounding_box": "piece",
      "spawns": [
        {
          "type": "minecraft:wither_skeleton",
          "weight": 1,
          "minCount": 1,
          "maxCount": 1
        },
        {
          "type": "minecraft:skeleton",
          "weight": 10,
          "minCount": 1,
          "maxCount": 3
        },
        {
          "type": "minecraft:zombie",
          "weight": 10,
          "minCount": 1,
          "maxCount": 4
        },
        {
          "type": "minecraft:spider",
          "weight": 10,
          "minCount": 1,
          "maxCount": 3
        },
        {
          "type": "minecraft:creeper",
          "weight": 5,
          "minCount": 1,
          "maxCount": 2
        },
        {
          "type": "minecraft:enderman",
          "weight": 3,
          "minCount": 1,
          "maxCount": 2
        },
        {
          "type": "minecraft:witch",
          "weight": 2,
          "minCount": 1,
          "maxCount": 2
        }
      ]
    }
  }
}