{
  "name": "bygonenether:jungle/fortress/outside",
  "fallback": "bygonenether:jungle/fortress/terminator",
  "elements": [
    {
      "weight": 1,
      "element": {
        "element_type": "minecraft:empty_pool_element"
      }
    },
    {
      "weight": 8,
      "element": {
        "location": "bygonenether:jungle/fortress/straight_outside",
        "processors": "bygonenether:jungle/fortress/fortress",
        "projection": "rigid",
        "element_type": "minecraft:single_pool_element"
      }
    },
    {
      "weight": 2,
      "element": {
        "location": "bygonenether:jungle/fortress/4_way_outside",
        "processors": "bygonenether:jungle/fortress/fortress",
        "projection": "rigid",
        "element_type": "minecraft:single_pool_element"
      }
    },
    {
      "weight": 4,
      "element": {
        "location": "bygonenether:jungle/fortress/4_way_outside_large",
        "processors": "bygonenether:jungle/fortress/fortress",
        "projection": "rigid",
        "element_type": "minecraft:single_pool_element"
      }
    },
    {
      "weight": 2,
      "element": {
        "location": "bygonenether:jungle/fortress/stairs_outside",
        "processors": "bygonenether:jungle/fortress/fortress",
        "projection": "rigid",
        "element_type": "minecraft:single_pool_element"
      }
    }
  ]
}