{
  "name": "bygonenether:jungle/fortress/outside_connector",
  "fallback": "minecraft:empty",
  "elements": [
    {
      "weight": 3,
      "element": {
        "location": "bygonenether:jungle/fortress/4_way_outside1",
        "processors": "bygonenether:jungle/fortress/fortress",
        "projection": "rigid",
        "element_type": "minecraft:single_pool_element"
      }
    },
    {
      "weight": 5,
      "element": {
        "location": "bygonenether:jungle/fortress/4_way_outside2",
        "processors": "bygonenether:jungle/fortress/fortress",
        "projection": "rigid",
        "element_type": "minecraft:single_pool_element"
      }
    },
    {
      "weight": 2,
      "element": {
        "location": "bygonenether:jungle/fortress/4_way_outside3",
        "processors": "bygonenether:jungle/fortress/fortress",
        "projection": "rigid",
        "element_type": "minecraft:single_pool_element"
      }
    },
    {
      "weight": 2,
      "element": {
        "location": "bygonenether:jungle/fortress/tribridge/tower",
        "processors": "bygonenether:jungle/fortress/fortress",
        "projection": "rigid",
        "element_type": "minecraft:single_pool_element"
      }
    }
  ]
}