{
  "processors": [
    {
      "processor_type": "betterstrongholds:air_processor"
    },
    {
      "processor_type": "betterstrongholds:banner_processor"
    },
    {
      "processor_type": "betterstrongholds:redstone_processor"
    },
    {
      "processor_type": "betterstrongholds:waterlogged_processor"
    },
    {
      "rules": [
        {
          "output_state": {
            "Name": "minecraft:air"
          },
          "input_predicate": {
            "block": "minecraft:shulker_box",
            "probability": 0.2,
            "predicate_type": "minecraft:random_block_match"
          },
          "location_predicate": {
            "predicate_type": "minecraft:always_true"
          }
        }
      ],
      "processor_type": "minecraft:rule"
    },
    {
      "processor_type": "repurposed_structures:spawner_randomizing_processor",
      "rs_spawner_resourcelocation": "repurposed_structures:stronghold_end"
    },
    {
      "processor_type": "repurposed_structures:noise_replace_with_properties_processor",
      "input_block": "minecraft:obsidian",
      "output_block": "minecraft:crying_obsidian",
      "threshold": 0.40,
      "xz_scale": 0.2,
      "y_scale": 0.2
    },
    {
      "processor_type": "repurposed_structures:noise_replace_with_properties_processor",
      "input_block": "minecraft:lapis_block",
      "output_block": "minecraft:blue_stained_glass",
      "threshold": 0.52,
      "xz_scale": 0.15,
      "y_scale": 0.15
    }
  ]
}