{
  "config": {
    "feature": {
      "config": {
        "target": {
          "Name": "minecraft:air"
        },
        "state": {
          "Name": "minecraft:glowstone"
        },
        "radius": {
          "base":0,
          "spread":1
        }
      },
      "type": "minecraft:netherrack_replace_blobs"
    },
    "decorator": {
      "config": {
        "step": "liquid",
        "probability": 0.005
      },
      "type": "minecraft:carving_mask"
    }
  },
  "type": "minecraft:decorated"
}