{
  "pools": [
    {
      "rolls": 1,
      "entries": [
        {
          "type": "minecraft:empty",
          "weight": 40
        },
        {
          "type": "minecraft:item",
          "name": "minecraft:potion",
          "functions": [
            {
              "function": "minecraft:set_components",
              "components": {
                "minecraft:item_name": "Absinthe",
                "minecraft:potion_contents": {
                  "potion": "minecraft:water",
                  "custom_color": 8454016,
                  "custom_effects": [
                    {
                      "id": "minecraft:nausea",
                      "amplifier": 0,
                      "duration": 300
                    },
                    {
                      "id": "minecraft:regeneration",
                      "amplifier": 2,
                      "duration": 300
                    }
                  ]
                }
              }
            }
          ]
        },
        {
          "type": "minecraft:item",
          "name": "minecraft:potion",
          "functions": [
            {
              "function": "minecraft:set_components",
              "components": {
                "minecraft:item_name": "Vodka",
                "minecraft:potion_contents": {
                  "potion": "minecraft:water",
                  "custom_color": 16770782,
                  "custom_effects": [
                    {
                      "id": "minecraft:strength",
                      "amplifier": 1,
                      "duration": 300
                    },
                    {
                      "id": "minecraft:saturation",
                      "amplifier": 0,
                      "duration": 600
                    },
                    {
                      "id": "minecraft:slowness",
                      "amplifier": 0,
                      "duration": 600
                    }
                  ]
                }
              }
            }
          ]
        },
        {
          "type": "minecraft:item",
          "name": "minecraft:potion",
          "functions": [
            {
              "function": "minecraft:set_components",
              "components": {
                "minecraft:item_name": "Gin",
                "minecraft:potion_contents": {
                  "potion": "minecraft:water",
                  "custom_color": 16777215,
                  "custom_effects": [
                    {
                      "id": "minecraft:instant_health",
                      "amplifier": 2,
                      "duration": 1
                    },
                    {
                      "id": "minecraft:hunger",
                      "amplifier": 0,
                      "duration": 300
                    }
                  ]
                }
              }
            }
          ]
        },
        {
          "type": "minecraft:item",
          "name": "minecraft:potion",
          "functions": [
            {
              "function": "minecraft:set_components",
              "components": {
                "minecraft:item_name": "Fernet",
                "minecraft:potion_contents": {
                  "potion": "minecraft:water",
                  "custom_color": 8405056,
                  "custom_effects": [
                    {
                      "id": "minecraft:fire_resistance",
                      "amplifier": 0,
                      "duration": 1200
                    },
                    {
                      "id": "minecraft:strength",
                      "amplifier": 0,
                      "duration": 1200
                    },
                    {
                      "id": "minecraft:speed",
                      "amplifier": 0,
                      "duration": 1200
                    }
                  ]
                }
              }
            }
          ]
        },
        {
          "type": "minecraft:item",
          "name": "minecraft:potion",
          "functions": [
            {
              "function": "minecraft:set_components",
              "components": {
                "minecraft:item_name": "Cider",
                "minecraft:potion_contents": {
                  "potion": "minecraft:water",
                  "custom_color": 16744512,
                  "custom_effects": [
                    {
                      "id": "minecraft:absorption",
                      "amplifier": 2,
                      "duration": 1200
                    },
                    {
                      "id": "minecraft:speed",
                      "amplifier": 1,
                      "duration": 1200
                    },
                    {
                      "id": "minecraft:mining_fatigue",
                      "amplifier": 0,
                      "duration": 1200
                    }
                  ]
                }
              }
            }
          ]
        }
      ]
    },
    {
      "rolls": 3,
      "entries": [
        {
          "type": "minecraft:item",
          "name": "minecraft:pumpkin_pie",
          "functions": [
            {
              "function": "minecraft:set_count",
              "count": {
                "min": 2,
                "max": 4
              }
            }
          ]
        },
        {
          "type": "minecraft:item",
          "name": "minecraft:cake"
        },
        {
          "type": "minecraft:item",
          "name": "minecraft:carrot",
          "functions": [
            {
              "function": "minecraft:set_count",
              "count": {
                "min": 2,
                "max": 8
              }
            }
          ]
        },
        {
          "type": "minecraft:item",
          "name": "minecraft:bread",
          "functions": [
            {
              "function": "minecraft:set_count",
              "count": {
                "min": 4,
                "max": 8
              }
            }
          ]
        },
        {
          "type": "minecraft:item",
          "name": "minecraft:mushroom_stew",
          "functions": [
            {
              "function": "minecraft:set_count",
              "count": {
                "min": 2,
                "max": 3
              }
            }
          ]
        },
        {
          "type": "minecraft:item",
          "name": "minecraft:beetroot",
          "functions": [
            {
              "function": "minecraft:set_count",
              "count": {
                "min": 3,
                "max": 6
              }
            }
          ]
        },
        {
          "type": "minecraft:item",
          "name": "minecraft:apple",
          "functions": [
            {
              "function": "minecraft:set_count",
              "count": {
                "min": 3,
                "max": 6
              }
            }
          ]
        },
        {
          "type": "minecraft:item",
          "name": "minecraft:glistering_melon_slice",
          "functions": [
            {
              "function": "minecraft:set_count",
              "count": {
                "min": 2,
                "max": 3
              }
            }
          ]
        }
      ]
    }
  ]
}
