{
  "condition": "minecraft:alternative",
  "terms": [
    {
      "condition": "minecraft:entity_properties",
      "entity": "this",
      "predicate": {
        "equipment": {
          "mainhand": {
            "item": "quartz",
            "enchantments": [
              {"id":"netherite_scrap","lvl":10}
            ]
          }
        }
      }
    },
    {
      "condition": "minecraft:entity_properties",
      "entity": "this",
      "predicate": {
        "equipment": {
          "offhand": {
            "item": "netherite_scrap",
            "enchantments": [
              {"id":"unbreaking","lvl":10}
            ]
          }
        }
      }
    }
  ]
}