{
    "type": "minecraft:entity",
    "pools": [
        {
            "rolls": 1.0,
            "bonus_rolls": 0.0,
            "entries": [
                {
                    "type": "minecraft:item",
                    "functions": [
                        {
                            "function": "minecraft:set_count",
                            "count": {
                                "type": "minecraft:uniform",
                                "min": 0.0,
                                "max": 1.0
                            },
                            "add": false
                        },
                        {
                            "function": "minecraft:looting_enchant",
                            "count": {
                                "type": "minecraft:uniform",
                                "min": 0.0,
                                "max": 0.7
                            }
                        }
                    ],
                    "name": "adventurez:warthog_shell_piece"
                }
            ]
        },
        {
            "rolls": 1.0,
            "bonus_rolls": 0.0,
            "entries": [
                {
                    "type": "minecraft:item",
                    "functions": [
                        {
                            "function": "minecraft:set_count",
                            "count": {
                                "type": "minecraft:uniform",
                                "min": 0.0,
                                "max": 1.0
                            },
                            "add": false
                        },
                        {
                            "function": "minecraft:furnace_smelt",
                            "conditions": [
                                {
                                    "condition": "minecraft:entity_properties",
                                    "predicate": {
                                        "flags": {
                                            "is_on_fire": true
                                        }
                                    },
                                    "entity": "this"
                                }
                            ]
                        },
                        {
                            "function": "minecraft:looting_enchant",
                            "count": {
                                "type": "minecraft:uniform",
                                "min": 0.0,
                                "max": 1.0
                            }
                        }
                    ],
                    "name": "adventurez:warthog_meat"
                }
            ]
        }
    ]
}