{
  "name": "bygonenether:jungle/fortress/inside_connector",
  "fallback": "bygonenether:jungle/fortress/terminator",
  "elements": [
    {
      "weight": 5,
      "element": {
        "location": "bygonenether:jungle/fortress/straight_inside",
        "processors": "bygonenether:jungle/fortress/fortress",
        "projection": "rigid",
        "element_type": "minecraft:single_pool_element"
      }
    },
    {
      "weight": 6,
      "element": {
        "location": "bygonenether:jungle/fortress/4_way_inside",
        "processors": "bygonenether:jungle/fortress/fortress",
        "projection": "rigid",
        "element_type": "minecraft:single_pool_element"
      }
    },
    {
      "weight": 8,
      "element": {
        "location": "bygonenether:jungle/fortress/turn_inside",
        "processors": "bygonenether:jungle/fortress/fortress",
        "projection": "rigid",
        "element_type": "minecraft:single_pool_element"
      }
    },
    {
      "weight": 5,
      "element": {
        "location": "bygonenether:jungle/fortress/turn_inside_chest",
        "processors": "bygonenether:jungle/fortress/fortress",
        "projection": "rigid",
        "element_type": "minecraft:single_pool_element"
      }
    },
    {
      "weight": 4,
      "element": {
        "location": "bygonenether:jungle/fortress/tribridge/tower",
        "processors": "bygonenether:jungle/fortress/fortress",
        "projection": "rigid",
        "element_type": "minecraft:single_pool_element"
      }
    }
  ]
}