{
  "name": "repurposed_structures:village/swamp/houses",
  "fallback": "repurposed_structures:village/swamp/terminators",
  "elements": [
    {
      "weight": 6,
      "element": {
        "location": "environmental:village/carpenter_house_swamp_1",
        "processors": "repurposed_structures:village/swamp/mossify",
        "projection": "rigid",
        "element_type": "minecraft:legacy_single_pool_element"
      }
    },
    {
      "weight": 3,
      "element": {
        "location": "environmental:village/ceramist_house_swamp_1",
        "processors": "repurposed_structures:village/swamp/mossify",
        "projection": "rigid",
        "element_type": "minecraft:legacy_single_pool_element"
      }
    }
  ]
}
