{
  "name": "repurposed_structures:village/oak/houses",
  "fallback": "repurposed_structures:village/oak/terminators",
  "elements": [
    {
      "weight": 2,
      "element": {
        "location": "morevillagers:village/oak/oak_engineer",
        "processors": "repurposed_structures:village/oak/mossify",
        "projection": "rigid",
        "element_type": "minecraft:legacy_single_pool_element"
      }
    },
    {
      "weight": 2,
      "element": {
        "location": "morevillagers:village/oak/oak_florist",
        "processors": "repurposed_structures:village/oak/mossify",
        "projection": "rigid",
        "element_type": "minecraft:legacy_single_pool_element"
      }
    },
    {
      "weight": 1,
      "element": {
        "location": "morevillagers:village/oak/oak_hunter",
        "processors": "repurposed_structures:village/oak/mossify",
        "projection": "rigid",
        "element_type": "minecraft:legacy_single_pool_element"
      }
    },
    {
      "weight": 2,
      "element": {
        "location": "morevillagers:village/oak/oak_oceanographer",
        "processors": "repurposed_structures:village/oak/mossify",
        "projection": "rigid",
        "element_type": "minecraft:legacy_single_pool_element"
      }
    },
    {
      "weight": 3,
      "element": {
        "location": "morevillagers:village/oak/oak_woodworker",
        "processors": "repurposed_structures:village/oak/mossify",
        "projection": "rigid",
        "element_type": "minecraft:legacy_single_pool_element"
      }
    }
  ]
}
