{
  "carvers": {
    "air": "twilightforest:tf_caves"
  },
  "creature_spawn_probability": 0.2,
  "downfall": 0.1,
  "effects": {
    "fog_color": 3547016,
    "mood_sound": {
      "block_search_extent": 8,
      "offset": 2.0,
      "sound": "minecraft:ambient.cave",
      "tick_delay": 6000
    },
    "music": {
      "max_delay": 12000,
      "min_delay": 1200,
      "replace_current_music": true,
      "sound": "twilightforest:music.bg"
    },
    "sky_color": 1248552,
    "water_color": 4159204,
    "water_fog_color": 329011
  },
  "features": [
    [],
    [],
    [],
    [],
    [],
    [],
    [
      "twilightforest:legacy_coal_ore",
      "twilightforest:legacy_iron_ore",
      "twilightforest:legacy_gold_ore",
      "twilightforest:legacy_redstone_ore",
      "twilightforest:legacy_diamond_ore",
      "twilightforest:legacy_lapis_ore",
      "twilightforest:legacy_copper_ore"
    ],
    [
      "twilightforest:plant_roots",
      "twilightforest:torch_berries",
      "twilightforest:vanilla_roots"
    ],
    [],
    [],
    [
      "minecraft:freeze_top_layer"
    ]
  ],
  "precipitation": "snow",
  "spawn_costs": {},
  "spawners": {
    "ambient": [],
    "axolotls": [],
    "creature": [
      {
        "type": "twilightforest:penguin",
        "maxCount": 4,
        "minCount": 2,
        "weight": 10
      }
    ],
    "misc": [],
    "monster": [],
    "underground_water_creature": [],
    "water_ambient": [],
    "water_creature": []
  },
  "temperature": 0.08
}