{
  "pieces_spawn_counts": [
    {
      "nbt_piece_name": "villagersplus:villages/mushroom/alchemist",
      "never_spawn_more_than_this_many": 1
    },
    {
      "nbt_piece_name": "villagersplus:villages/mushroom/horticulturist",
      "never_spawn_more_than_this_many": 1
    },
    {
      "nbt_piece_name": "villagersplus:villages/mushroom/occultist",
      "never_spawn_more_than_this_many": 1
    },
    {
      "nbt_piece_name": "villagersplus:villages/mushroom/oceanographer",
      "never_spawn_more_than_this_many": 1
    }
  ]
}