{
  "replace": false,
  "values": [
    {"id":"deeperdarker:warden_pickaxe","required":false},
    {"id":"mythicmetals:orichalcum_hammer","required":false},
    {"id":"mythicmetals:mythril_drill","required":false},
    {"id":"mythicupgrades:sapphire_netherite_pickaxe","required":false},
    {"id":"mythicupgrades:ruby_netherite_pickaxe","required":false},
    {"id":"mythicupgrades:topaz_netherite_pickaxe","required":false},
    {"id":"soulsweapons:moonstone_pickaxe","required":false},
    {"id":"winterly:cryomarble_pickaxe","required":false}
  ]
}