{
  "processors": [
    {
      "rules": [
        {
          "output_state": {
            "Name": "minecraft:air"
          },
          "input_predicate": {
            "block": "minecraft:red_tulip",
            "probability": 0.5,
            "predicate_type": "minecraft:random_block_match"
          },
          "location_predicate": {
            "predicate_type": "minecraft:always_true"
          }
        },
        {
          "output_state": {
            "Name": "minecraft:orange_tulip"
          },
          "input_predicate": {
            "block": "minecraft:red_tulip",
            "probability": 0.1,
            "predicate_type": "minecraft:random_block_match"
          },
          "location_predicate": {
            "predicate_type": "minecraft:always_true"
          }
        },
        {
          "output_state": {
            "Name": "minecraft:white_tulip"
          },
          "input_predicate": {
            "block": "minecraft:red_tulip",
            "probability": 0.1,
            "predicate_type": "minecraft:random_block_match"
          },
          "location_predicate": {
            "predicate_type": "minecraft:always_true"
          }
        },
        {
          "output_state": {
            "Name": "minecraft:pink_tulip"
          },
          "input_predicate": {
            "block": "minecraft:red_tulip",
            "probability": 0.1,
            "predicate_type": "minecraft:random_block_match"
          },
          "location_predicate": {
            "predicate_type": "minecraft:always_true"
          }
        },
        {
          "output_state": {
            "Name": "minecraft:cornflower"
          },
          "input_predicate": {
            "block": "minecraft:red_tulip",
            "probability": 0.1,
            "predicate_type": "minecraft:random_block_match"
          },
          "location_predicate": {
            "predicate_type": "minecraft:always_true"
          }
        },
        {
          "output_state": {
            "Name": "minecraft:lily_of_the_valley"
          },
          "input_predicate": {
            "block": "minecraft:red_tulip",
            "probability": 0.1,
            "predicate_type": "minecraft:random_block_match"
          },
          "location_predicate": {
            "predicate_type": "minecraft:always_true"
          }
        },
        {
          "output_state": {
            "Name": "minecraft:allium"
          },
          "input_predicate": {
            "block": "minecraft:red_tulip",
            "probability": 0.1,
            "predicate_type": "minecraft:random_block_match"
          },
          "location_predicate": {
            "predicate_type": "minecraft:always_true"
          }
        },
        {
          "output_state": {
            "Name": "minecraft:poppy"
          },
          "input_predicate": {
            "block": "minecraft:red_tulip",
            "probability": 0.1,
            "predicate_type": "minecraft:random_block_match"
          },
          "location_predicate": {
            "predicate_type": "minecraft:always_true"
          }
        },
        {
          "output_state": {
            "Name": "minecraft:poppy"
          },
          "input_predicate": {
            "block": "environmental:violet",
            "probability": 0.1,
            "predicate_type": "minecraft:random_block_match"
          },
          "location_predicate": {
            "predicate_type": "minecraft:always_true"
          }
        },
        {
          "output_state": {
            "Name": "minecraft:poppy"
          },
          "input_predicate": {
            "block": "environmental:bluebell",
            "probability": 0.1,
            "predicate_type": "minecraft:random_block_match"
          },
          "location_predicate": {
            "predicate_type": "minecraft:always_true"
          }
        },
        {
          "output_state": {
            "Name": "minecraft:poppy"
          },
          "input_predicate": {
            "block": "environmental:cartwheel",
            "probability": 0.1,
            "predicate_type": "minecraft:random_block_match"
          },
          "location_predicate": {
            "predicate_type": "minecraft:always_true"
          }
        },
        {
          "output_state": {
            "Name": "minecraft:dandelion"
          },
          "input_predicate": {
            "block": "minecraft:red_tulip",
            "probability": 0.1,
            "predicate_type": "minecraft:random_block_match"
          },
          "location_predicate": {
            "predicate_type": "minecraft:always_true"
          }
        }
      ],
      "processor_type": "minecraft:rule"
    },
    {
      "rules": [
        {
          "output_state": {
            "Name": "minecraft:air"
          },
          "input_predicate": {
            "block": "environmental:pink_hanging_wisteria_leaves",
            "probability": 0.75,
            "predicate_type": "minecraft:random_block_match"
          },
          "location_predicate": {
            "predicate_type": "minecraft:always_true"
          }
        },
        {
          "output_state": {
            "Name": "environmental:blue_hanging_wisteria_leaves",
            "Properties": {
              "half": "upper"
            }
          },
          "input_predicate": {
            "block": "environmental:pink_hanging_wisteria_leaves",
            "probability": 0.25,
            "predicate_type": "minecraft:random_block_match"
          },
          "location_predicate": {
            "predicate_type": "minecraft:always_true"
          }
        },
        {
          "output_state": {
            "Name": "environmental:white_hanging_wisteria_leaves",
            "Properties": {
              "half": "upper"
            }
          },
          "input_predicate": {
            "block": "environmental:pink_hanging_wisteria_leaves",
            "probability": 0.25,
            "predicate_type": "minecraft:random_block_match"
          },
          "location_predicate": {
            "predicate_type": "minecraft:always_true"
          }
        },
        {
          "output_state": {
            "Name": "environmental:purple_hanging_wisteria_leaves",
            "Properties": {
              "half": "upper"
            }
          },
          "input_predicate": {
            "block": "environmental:pink_hanging_wisteria_leaves",
            "probability": 0.25,
            "predicate_type": "minecraft:random_block_match"
          },
          "location_predicate": {
            "predicate_type": "minecraft:always_true"
          }
        }
      ],
      "processor_type": "minecraft:rule"
    },
    {
      "processor_type": "repurposed_structures:data_block_processor"
    },
    {
      "ignore_block": [
        "minecraft:poppy",
        "minecraft:allium",
        "minecraft:lily_of_the_valley",
        "minecraft:cornflower",
        "minecraft:pink_tulip",
        "minecraft:white_tulip",
        "minecraft:orange_tulip",
        "minecraft:red_tulip",
        "minecraft:lilac",
        "minecraft:rose_bush",
        "minecraft:peony",
        "minecraft:oxeye_daisy",
        "minecraft:azure_bluet",
        "environmental:cartwheel",
        "environmental:bluebell",
        "environmental:violet",
        "environmental:purple_hanging_wisteria_leaves",
        "environmental:pink_hanging_wisteria_leaves",
        "environmental:blue_hanging_wisteria_leaves",
        "environmental:white_hanging_wisteria_leaves"
      ],
      "processor_type": "repurposed_structures:air_processor"
    },
    {
      "processor_type": "repurposed_structures:water_fix_processor"
    }
  ]
}
