{
  "processors": [
    {
      "rules": [
        {
          "output_state": {
            "Name": "minecraft:brown_mushroom"
          },
          "input_predicate": {
            "block": "minecraft:red_mushroom",
            "probability": 0.33,
            "predicate_type": "minecraft:random_block_match"
          },
          "location_predicate": {
            "predicate_type": "minecraft:always_true"
          }
        },
        {
          "output_state": {
            "Name": "minecraft:air"
          },
          "input_predicate": {
            "block": "minecraft:red_mushroom",
            "probability": 0.33,
            "predicate_type": "minecraft:random_block_match"
          },
          "location_predicate": {
            "predicate_type": "minecraft:always_true"
          }
        },
        {
          "output_state": {
            "Properties": {
              "candles": "3",
              "lit": "true",
              "waterlogged": "false"
            },
            "Name": "cavesandcliffs:purple_candle"
          },
          "input_predicate": {
            "block": "cavesandcliffs:purple_candle",
            "probability": 0.2,
            "predicate_type": "minecraft:random_block_match"
          },
          "location_predicate": {
            "predicate_type": "minecraft:always_true"
          }
        },
        {
          "output_state": {
            "Properties": {
              "candles": "2",
              "lit": "true",
              "waterlogged": "false"
            },
            "Name": "cavesandcliffs:purple_candle"
          },
          "input_predicate": {
            "block": "cavesandcliffs:purple_candle",
            "probability": 0.2,
            "predicate_type": "minecraft:random_block_match"
          },
          "location_predicate": {
            "predicate_type": "minecraft:always_true"
          }
        },
        {
          "output_state": {
            "Properties": {
              "candles": "1",
              "lit": "true",
              "waterlogged": "false"
            },
            "Name": "cavesandcliffs:purple_candle"
          },
          "input_predicate": {
            "block": "cavesandcliffs:purple_candle",
            "probability": 0.2,
            "predicate_type": "minecraft:random_block_match"
          },
          "location_predicate": {
            "predicate_type": "minecraft:always_true"
          }
        },
        {
          "output_state": {
            "Properties": {
              "candles": "3",
              "lit": "true",
              "waterlogged": "false"
            },
            "Name": "cavesandcliffs:magenta_candle"
          },
          "input_predicate": {
            "block": "cavesandcliffs:magenta_candle",
            "probability": 0.2,
            "predicate_type": "minecraft:random_block_match"
          },
          "location_predicate": {
            "predicate_type": "minecraft:always_true"
          }
        },
        {
          "output_state": {
            "Properties": {
              "candles": "2",
              "lit": "true",
              "waterlogged": "false"
            },
            "Name": "cavesandcliffs:magenta_candle"
          },
          "input_predicate": {
            "block": "cavesandcliffs:magenta_candle",
            "probability": 0.2,
            "predicate_type": "minecraft:random_block_match"
          },
          "location_predicate": {
            "predicate_type": "minecraft:always_true"
          }
        },
        {
          "output_state": {
            "Properties": {
              "candles": "1",
              "lit": "true",
              "waterlogged": "false"
            },
            "Name": "cavesandcliffs:magenta_candle"
          },
          "input_predicate": {
            "block": "cavesandcliffs:magenta_candle",
            "probability": 0.2,
            "predicate_type": "minecraft:random_block_match"
          },
          "location_predicate": {
            "predicate_type": "minecraft:always_true"
          }
        }
      ],
      "processor_type": "minecraft:rule"
    }
  ]
}