{
  "config": {
    "feature": {
      "config": {
        "contents": {
          "Properties":
          {
            "level":"0"
          },
          "Name": "minecraft:lava"
        },
        "rim": {
          "Name": "minecraft:yellow_terracotta"
        },
        "size": {
          "base": 8,
          "spread": 8
        },
        "rim_size": {
          "base": 0,
          "spread": 0
        }
      },
      "type": "minecraft:delta_feature",
      "name": "starmute:infernal_dunes/dunes_delta"
    },
    "decorator": {
      "config": {
        "count": 27
      },
      "type": "minecraft:count_multilayer"
    }
  },
  "type": "minecraft:decorated"
}