{
  "config": {
    "feature": {
      "config": {
        "can_replace": false,
        "project": false,
        "need_water": false,
        "xspread": 9,
        "yspread": 20,
        "zspread": 9,
        "whitelist": [],
        "blacklist": [],
        "tries": 60,
        "state_provider": {
          "state": {
            "Name": "minecraft:glowstone"
          },
          "type": "minecraft:simple_state_provider"
        },
        "block_placer": {
              "min_size": 2,
              "extra_size": 16,
              "type": "minecraft:column_placer"
            }
      },
      "type": "minecraft:random_patch",
      "name": "starmute:surface_debris"
    },
    "decorator": {
              "config": {
                "bottom_offset": 54,
                "top_offset": 0,
                "maximum": 74
      },
              "type": "minecraft:range"
    }
  },
  "type": "minecraft:decorated"
}