{
  "config": {
    "feature": {
  "config": {
    "state_provider": {
      "entries": [
        {
          "weight": 2,
          "data": {
            "Name": "minecraft:glowstone"
          }
        },
        {
          "weight": 4,
          "data": {
            "Name": "minecraft:shroomlight"
          }
        }
      ],
      "type": "minecraft:weighted_state_provider"
    }
  },
  "type": "minecraft:block_pile"
},
    "decorator": {
      "config": {
        "count": 5
      },
      "type": "minecraft:count_multilayer"
    }
  },
  "type": "minecraft:decorated"
}