{
  "processors": [
    {
      "input_block": "minecraft:oak_planks",
      "output_blocks": [ "minecraft:birch_planks" ],
      "probability": 1,
      "processor_type": "repurposed_structures:random_replace_with_properties_processor"
    },
    {
      "input_block": "minecraft:spruce_fence_gate",
      "output_blocks": [ "minecraft:oak_fence_gate" ],
      "probability": 1,
      "processor_type": "repurposed_structures:random_replace_with_properties_processor"
    },
    {
      "input_block": "minecraft:oak_slab",
      "output_blocks": [ "minecraft:birch_slab" ],
      "probability": 1,
      "processor_type": "repurposed_structures:random_replace_with_properties_processor"
    }
  ]
}
