{
  "processors": [
    {
      "rules": [
        {
          "output_state": {
            "Name": "minecraft:red_sandstone"
          },
          "input_predicate": {
            "block": "minecraft:red_terracotta",
            "probability": 0.25,
            "predicate_type": "minecraft:random_block_match"
          },
          "location_predicate": {
            "predicate_type": "minecraft:always_true"
          }
        },
        {
          "output_state": {
            "Name": "minecraft:cut_red_sandstone"
          },
          "input_predicate": {
            "block": "minecraft:orange_terracotta",
            "probability": 0.5,
            "predicate_type": "minecraft:random_block_match"
          },
          "location_predicate": {
            "predicate_type": "minecraft:always_true"
          }
        },
        {
          "output_state": {
            "Name": "minecraft:orange_terracotta"
          },
          "input_predicate": {
            "block": "minecraft:smooth_red_sandstone",
            "probability": 0.75,
            "predicate_type": "minecraft:random_block_match"
          },
          "location_predicate": {
            "predicate_type": "minecraft:always_true"
          }
        },
        {
          "output_state": {
            "Name": "minecraft:cave_air"
          },
          "input_predicate": {
            "block": "minecraft:air",
            "predicate_type": "minecraft:block_match"
          },
          "location_predicate": {
            "predicate_type": "minecraft:always_true"
          }
        },
        {
          "output_state": {
            "Name": "minecraft:cave_air"
          },
          "input_predicate": {
            "block": "minecraft:skeleton_skull",
            "probability": 0.5,
            "predicate_type": "minecraft:random_block_match"
          },
          "location_predicate": {
            "predicate_type": "minecraft:always_true"
          }
        },
        {
          "output_state": {
            "Name": "minecraft:cave_air"
          },
          "input_predicate": {
            "block": "minecraft:jukebox",
            "probability": 0.95,
            "predicate_type": "minecraft:random_block_match"
          },
          "location_predicate": {
            "predicate_type": "minecraft:always_true"
          }
        },
        {
          "output_state": {
            "Name": "minecraft:cave_air"
          },
          "input_predicate": {
            "block": "minecraft:furnance",
            "probability": 0.55,
            "predicate_type": "minecraft:random_block_match"
          },
          "location_predicate": {
            "predicate_type": "minecraft:always_true"
          }
        },
        {
          "output_state": {
            "Name": "minecraft:cave_air"
          },
          "input_predicate": {
            "block": "minecraft:crafting_table",
            "probability": 0.65,
            "predicate_type": "minecraft:random_block_match"
          },
          "location_predicate": {
            "predicate_type": "minecraft:always_true"
          }
        },
        {
          "output_state": {
            "Name": "minecraft:cave_air"
          },
          "input_predicate": {
            "block": "minecraft:barrel",
            "probability": 0.6,
            "predicate_type": "minecraft:random_block_match"
          },
          "location_predicate": {
            "predicate_type": "minecraft:always_true"
          }
        },
        {
          "output_state": {
            "Name": "minecraft:cave_air"
          },
          "input_predicate": {
            "block": "minecraft:gold_ore",
            "probability": 0.2,
            "predicate_type": "minecraft:random_block_match"
          },
          "location_predicate": {
            "predicate_type": "minecraft:always_true"
          }
        },
        {
          "output_state": {
            "Name": "minecraft:cave_air"
          },
          "input_predicate": {
            "block": "minecraft:smithing_table",
            "probability": 0.65,
            "predicate_type": "minecraft:random_block_match"
          },
          "location_predicate": {
            "predicate_type": "minecraft:always_true"
          }
        },
        {
          "output_state": {
            "Name": "minecraft:cave_air"
          },
          "input_predicate": {
            "block": "minecraft:damaged_anvil",
            "probability": 0.7,
            "predicate_type": "minecraft:random_block_match"
          },
          "location_predicate": {
            "predicate_type": "minecraft:always_true"
          }
        },
        {
          "output_state": {
            "Name": "minecraft:cave_air"
          },
          "input_predicate": {
            "block": "minecraft:black_wall_banner",
            "probability": 0.5,
            "predicate_type": "minecraft:random_block_match"
          },
          "location_predicate": {
            "predicate_type": "minecraft:always_true"
          }
        }
      ],
      "processor_type": "minecraft:rule"
    },
    {
      "processor_type": "betterdungeons:head_processor"
    },
    {
      "processor_type": "betterdungeons:small_dungeon_ceiling_prop_processor"
    },
    {
      "processor_type": "betterdungeons:small_dungeon_ceiling_lamp_processor"
    },
    {
      "processor_type": "betterdungeons:small_dungeon_ceiling_processor"
    },
    {
      "processor_type": "repurposed_structures:replace_air_only_processor"
    },
    {
      "processor_type": "repurposed_structures:remove_floating_blocks_processor"
    },
    {
      "processor_type": "repurposed_structures:spawner_randomizing_processor",
      "rs_spawner_resourcelocation": "repurposed_structures:dungeon_badlands"
    }
  ]
}