{
  "variants": {
    "type=bottom,vertical_type=north_south": {
      "model": "betternether:block/nether_mushroom_slab_vertical_north_south_bottom"
    },
    "type=top,vertical_type=north_south": {
      "model": "betternether:block/nether_mushroom_slab_vertical_north_south_top"
    },
    "type=top,vertical_type=east_west": {
      "model": "betternether:block/nether_mushroom_slab_vertical_east_west_top"
    },
    "type=bottom,vertical_type=east_west": {
      "model": "betternether:block/nether_mushroom_slab_vertical_east_west_bottom"
    }
  }
}