{
  "name": "repurposed_structures:village/badlands/houses",
  "fallback": "repurposed_structures:village/badlands/terminators",
  "elements": [
    {
      "weight": 2,
      "element": {
        "location": "morevillagers:village/badlands/badlands_engineer",
        "processors": "minecraft:empty",
        "projection": "rigid",
        "element_type": "minecraft:legacy_single_pool_element"
      }
    },
    {
      "weight": 2,
      "element": {
        "location": "morevillagers:village/badlands/badlands_hunter_engineer",
        "processors": "minecraft:empty",
        "projection": "rigid",
        "element_type": "minecraft:legacy_single_pool_element"
      }
    },
    {
      "weight": 2,
      "element": {
        "location": "morevillagers:village/badlands/badlands_florist",
        "processors": "minecraft:empty",
        "projection": "rigid",
        "element_type": "minecraft:legacy_single_pool_element"
      }
    },
    {
      "weight": 2,
      "element": {
        "location": "morevillagers:village/badlands/badlands_hunter",
        "processors": "minecraft:empty",
        "projection": "rigid",
        "element_type": "minecraft:legacy_single_pool_element"
      }
    },
    {
      "weight": 2,
      "element": {
        "location": "morevillagers:village/badlands/badlands_oceanographer",
        "processors": "minecraft:empty",
        "projection": "rigid",
        "element_type": "minecraft:legacy_single_pool_element"
      }
    },
    {
      "weight": 2,
      "element": {
        "location": "morevillagers:village/badlands/badlands_woodworker",
        "processors": "minecraft:empty",
        "projection": "rigid",
        "element_type": "minecraft:legacy_single_pool_element"
      }
    }
  ]
}
