{
  "profession": "villagersplus:occultist",
  "trades": {
    "apprentice": [
      {
        "type": "villagersplus:sell_item",
        "sell": {
          "item": "supplementaries:sconce_soul",
          "count": 1
        },
        "priceIn": {
          "item": "emerald",
          "count": 2
        },
        "max_uses": 12,
        "villager_experience": 3
      }
    ],
    "expert": [
      {
        "type": "villagersplus:sell_item",
        "sell": {
          "item": "supplementaries:hourglass",
          "count": 1
        },
        "priceIn": {
          "item": "emerald",
          "count": 6
        },
        "max_uses": 4,
        "villager_experience": 10
      }
    ]
  }
}