{
  "processors": [
    {
      "processor_type": "minecraft:protected_blocks",
      "value": "#minecraft:features_cannot_replace"
    },
	{
      "processor_type": "minecraft:block_rot",
      "integrity": 0.97,
      "rottable_blocks": [
        "minecraft:glow_lichen",
        "minecraft:mud_brick_slab",
        "minecraft:mud_brick_stairs",
        "minecraft:mud_brick_wall"
      ]
    },
    {
      "processor_type": "minecraft:rule",
      "rules": [
        {
          "location_predicate": {
            "predicate_type": "minecraft:always_true"
          },
          "input_predicate": {
            "predicate_type": "minecraft:random_block_match",
            "block": "minecraft:glowstone",
            "probability": 0.15
          },
          "output_state": {
            "Name": "minecraft:raw_gold_block"
          }
        },
		{
          "location_predicate": {
            "predicate_type": "minecraft:always_true"
          },
          "input_predicate": {
            "predicate_type": "minecraft:random_block_match",
            "block": "minecraft:raw_gold_block",
            "probability": 0.02
          },
          "output_state": {
            "Name": "minecraft:air"
          }
        },
        {
          "location_predicate": {
            "predicate_type": "minecraft:always_true"
          },
          "input_predicate": {
            "predicate_type": "minecraft:random_block_match",
            "block": "minecraft:moss_block",
            "probability": 0.14
          },
          "output_state": {
            "Name": "minecraft:rooted_dirt"
          }
        },
        {
          "location_predicate": {
            "predicate_type": "minecraft:always_true"
          },
          "input_predicate": {
            "predicate_type": "minecraft:random_block_match",
            "block": "minecraft:moss_block",
            "probability": 0.07
          },
          "output_state": {
            "Name": "minecraft:azalea_leaves",
			"Properties": {
				"persistent": "true",
				"waterlogged": "true"
			}
          }
        },
        {
          "location_predicate": {
            "predicate_type": "minecraft:always_true"
          },
          "input_predicate": {
            "predicate_type": "minecraft:random_block_match",
            "block": "minecraft:mud_bricks",
            "probability": 0.15
          },
          "output_state": {
            "Name": "minecraft:packed_mud"
          }
        }
      ]
    }
  ]
}
