{
  "name": "repurposed_structures:strongholds/nether/start_pool",
  "fallback": "repurposed_structures:strongholds/nether/terminators",
  "elements": [
    {
      "weight": 1,
      "element": {
        "location": "betterstrongholds:nether/rooms/grand_library",
        "processors": "betterstrongholds:nether/rooms/grand_library",
        "projection": "rigid",
        "element_type": "minecraft:single_pool_element"
      }
    },
    {
      "weight": 3,
      "element": {
        "location": "repurposed_structures:strongholds/nether/empty_crossing",
        "processors": "betterstrongholds:nether/rooms/junction",
        "projection": "rigid",
        "element_type": "minecraft:single_pool_element"
      }
    }
  ]
}