{
  "processors": [
    {
      "input_block": "minecraft:oak_planks",
      "output_blocks": [ "minecraft:red_mushroom_block" ],
      "probability": 1,
      "processor_type": "repurposed_structures:random_replace_with_properties_processor"
    },
    {
      "input_block": "minecraft:oak_fence_gate",
      "output_blocks": [ "minecraft:birch_fence_gate" ],
      "probability": 1,
      "processor_type": "repurposed_structures:random_replace_with_properties_processor"
    },
    {
      "input_block": "minecraft:oak_slab",
      "output_blocks": [ "minecraft:red_mushroom_block" ],
      "probability": 1,
      "processor_type": "repurposed_structures:random_replace_with_properties_processor"
    },
    {
      "rules": [
        {
          "output_state": {
            "Name": "minecraft:mushroom_stem",
            "Properties": {
              "down": "true",
              "east": "true",
              "west": "true",
              "up": "true",
              "north": "true",
              "south": "true"
            }
          },
          "input_predicate": {
            "block": "minecraft:spruce_fence",
            "predicate_type": "minecraft:block_match"
          },
          "location_predicate": {
            "predicate_type": "minecraft:always_true"
          }
        }
      ],
      "processor_type": "minecraft:rule"
    }
  ]
}
