{
  "type": "minecraft:chest",
  "pools": [
    {
      "rolls": {
        "min": 1,
        "max": 2
      },
      "entries": [
        {
          "type": "minecraft:item",
          "weight": 2,
          "name": "minecraft:emerald",
          "functions": [
            {
              "function": "minecraft:set_count",
              "count": {
                "min": 2,
                "max": 8
              }
            }
          ]
        },
        {
          "type": "minecraft:item",
          "weight": 5,
          "name": "minecraft:gold_ingot",
          "functions": [
            {
              "function": "minecraft:set_count",
              "count": {
                "min": 1,
                "max": 4
              }
            }
          ]
        },
        {
          "type": "minecraft:item",
          "weight": 8,
          "name": "minecraft:iron_ingot",
          "functions": [
            {
              "function": "minecraft:set_count",
              "count": {
                "min": 1,
                "max": 8
              }
            }
          ]
        }
      ]
    },
    {
      "rolls": 3,
      "entries": []
    },
    {
      "rolls": 2,
      "entries": [
        {
          "type": "minecraft:item",
          "name": "minecraft:blue_orchid"
        },
        {
          "type": "minecraft:item",
          "name": "minecraft:lilac"
        },
        {
          "type": "minecraft:item",
          "name": "minecraft:peony"
        },
        {
          "type": "minecraft:item",
          "name": "minecraft:cornflower"
        },
        {
          "type": "minecraft:item",
          "name": "minecraft:chorus_fruit"
        },
        {
          "type": "minecraft:item",
          "name": "minecraft:lily_of_the_valley"
        },
        {
          "type": "minecraft:item",
          "name": "minecraft:rose_bush"
        },
        {
          "type": "minecraft:item",
          "name": "minecraft:poppy"
        }
      ]
    },
    {
      "rolls": 1,
      "entries": [
        {
          "type": "minecraft:loot_table",
          "value": "minecraft:chests/desert_pyramid"
        }
      ]
    }
  ]
}
