{
  "name": "repurposed_structures:village/mushroom/houses",
  "fallback": "repurposed_structures:village/mushroom/terminators",
  "elements": [
    {
      "weight": 1,
      "element": {
        "location": "morevillagers:village/mushroom/mushroom_engineer",
        "processors": "repurposed_structures:village/mushroom/general_randomizer",
        "projection": "rigid",
        "element_type": "minecraft:legacy_single_pool_element"
      }
    },
    {
      "weight": 2,
      "element": {
        "location": "morevillagers:village/mushroom/mushroom_florist",
        "processors": "repurposed_structures:village/mushroom/general_randomizer",
        "projection": "rigid",
        "element_type": "minecraft:legacy_single_pool_element"
      }
    },
    {
      "weight": 1,
      "element": {
        "location": "morevillagers:village/mushroom/mushroom_hunter",
        "processors": "repurposed_structures:village/mushroom/general_randomizer",
        "projection": "rigid",
        "element_type": "minecraft:legacy_single_pool_element"
      }
    },
    {
      "weight": 3,
      "element": {
        "location": "morevillagers:village/mushroom/mushroom_oceanographer",
        "processors": "repurposed_structures:village/mushroom/general_randomizer",
        "projection": "rigid",
        "element_type": "minecraft:legacy_single_pool_element"
      }
    },
    {
      "weight": 1,
      "element": {
        "location": "morevillagers:village/mushroom/mushroom_woodworker",
        "processors": "repurposed_structures:village/mushroom/general_randomizer",
        "projection": "rigid",
        "element_type": "minecraft:legacy_single_pool_element"
      }
    }
  ]
}
