{
  "variants": {
    "type=double,vertical_type=north_south": {
      "model": "betterend:block/helix_tree_slab_vertical_north_south_double"
    },
    "type=double,vertical_type=east_west": {
      "model": "betterend:block/helix_tree_slab_vertical_east_west_double"
    },
    "type=double,vertical_type=false": {
      "model": "betterend:block/helix_tree_slab_double"
    },
    "type=bottom,vertical_type=north_south": {
      "model": "betterend:block/helix_tree_slab_vertical_north_south_bottom"
    },
    "type=top,vertical_type=north_south": {
      "model": "betterend:block/helix_tree_slab_vertical_north_south_top"
    },
    "type=top,vertical_type=east_west": {
      "model": "betterend:block/helix_tree_slab_vertical_east_west_top"
    },
    "type=bottom,vertical_type=east_west": {
      "model": "betterend:block/helix_tree_slab_vertical_east_west_bottom"
    },
    "type=bottom,vertical_type=false": {
      "model": "betterend:block/helix_tree_slab"
    },
    "type=top,vertical_type=false": {
      "model": "betterend:block/helix_tree_slab"
    }
  }
}