{
	"name": "ruined_aether_portal:ruined_aether_portal",
	"fallback": "minecraft:empty",
	"elements": [
		{
			"weight": 10,
			"element": {
				"element_type": "legacy_single_pool_element",
				"projection": "rigid",
				"location": "ruined_aether_portal:ruined_aether_portal/ruined_aether_portal_01",
				"processors": "ruined_aether_portal:portal_decay"
			}
		},
		{
			"weight": 10,
			"element": {
				"element_type": "legacy_single_pool_element",
				"projection": "rigid",
				"location": "ruined_aether_portal:ruined_aether_portal/ruined_aether_portal_02",
				"processors": "ruined_aether_portal:portal_decay"
			}
		},
		{
			"weight": 10,
			"element": {
				"element_type": "legacy_single_pool_element",
				"projection": "rigid",
				"location": "ruined_aether_portal:ruined_aether_portal/ruined_aether_portal_03",
				"processors": "ruined_aether_portal:portal_decay"
			}
		},
		{
			"weight": 10,
			"element": {
				"element_type": "legacy_single_pool_element",
				"projection": "rigid",
				"location": "ruined_aether_portal:ruined_aether_portal/ruined_aether_portal_04",
				"processors": "ruined_aether_portal:portal_decay"
			}
		},
		{
			"weight": 10,
			"element": {
				"element_type": "legacy_single_pool_element",
				"projection": "rigid",
				"location": "ruined_aether_portal:ruined_aether_portal/ruined_aether_portal_05",
				"processors": "ruined_aether_portal:portal_decay"
			}
		},
		{
			"weight": 10,
			"element": {
				"element_type": "legacy_single_pool_element",
				"projection": "rigid",
				"location": "ruined_aether_portal:ruined_aether_portal/ruined_aether_portal_06",
				"processors": "ruined_aether_portal:portal_decay"
			}
		},
		{
			"weight": 10,
			"element": {
				"element_type": "legacy_single_pool_element",
				"projection": "rigid",
				"location": "ruined_aether_portal:ruined_aether_portal/ruined_aether_portal_07",
				"processors": "ruined_aether_portal:portal_decay"
			}
		},
		{
			"weight": 10,
			"element": {
				"element_type": "legacy_single_pool_element",
				"projection": "rigid",
				"location": "ruined_aether_portal:ruined_aether_portal/ruined_aether_portal_08",
				"processors": "ruined_aether_portal:portal_decay"
			}
		},
		{
			"weight": 10,
			"element": {
				"element_type": "legacy_single_pool_element",
				"projection": "rigid",
				"location": "ruined_aether_portal:ruined_aether_portal/ruined_aether_portal_09",
				"processors": "ruined_aether_portal:portal_decay"
			}
		},
		{
			"weight": 10,
			"element": {
				"element_type": "legacy_single_pool_element",
				"projection": "rigid",
				"location": "ruined_aether_portal:ruined_aether_portal/ruined_aether_portal_10",
				"processors": "ruined_aether_portal:portal_decay"
			}
		},
		{
			"weight": 2,
			"element": {
				"element_type": "legacy_single_pool_element",
				"projection": "rigid",
				"location": "ruined_aether_portal:ruined_aether_portal/giant_ruined_aether_portal_1",
				"processors": "ruined_aether_portal:portal_decay"
			}
		},
		{
			"weight": 2,
			"element": {
				"element_type": "legacy_single_pool_element",
				"projection": "rigid",
				"location": "ruined_aether_portal:ruined_aether_portal/giant_ruined_aether_portal_2",
				"processors": "ruined_aether_portal:portal_decay"
			}
		},
		{
			"weight": 2,
			"element": {
				"element_type": "legacy_single_pool_element",
				"projection": "rigid",
				"location": "ruined_aether_portal:ruined_aether_portal/giant_ruined_aether_portal_3",
				"processors": "ruined_aether_portal:portal_decay"
			}
		}
	]
}