{
  "name": "repurposed_structures:village/giant_taiga/houses",
  "fallback": "repurposed_structures:village/giant_taiga/terminators",
  "elements": [
    {
      "weight": 3,
      "element": {
        "location": "morevillagers:village/giant_taiga/giant_taiga_engineer",
        "processors": "repurposed_structures:village/giant_taiga/mossify",
        "projection": "rigid",
        "element_type": "minecraft:legacy_single_pool_element"
      }
    },
    {
      "weight": 2,
      "element": {
        "location": "morevillagers:village/giant_taiga/giant_taiga_florist",
        "processors": "repurposed_structures:village/giant_taiga/mossify",
        "projection": "rigid",
        "element_type": "minecraft:legacy_single_pool_element"
      }
    },
    {
      "weight": 3,
      "element": {
        "location": "morevillagers:village/giant_taiga/giant_taiga_hunter",
        "processors": "repurposed_structures:village/giant_taiga/mossify",
        "projection": "rigid",
        "element_type": "minecraft:legacy_single_pool_element"
      }
    },
    {
      "weight": 2,
      "element": {
        "location": "morevillagers:village/giant_taiga/giant_taiga_oceanographer",
        "processors": "repurposed_structures:village/giant_taiga/mossify",
        "projection": "rigid",
        "element_type": "minecraft:legacy_single_pool_element"
      }
    },
    {
      "weight": 2,
      "element": {
        "location": "morevillagers:village/giant_taiga/giant_taiga_woodworker",
        "processors": "repurposed_structures:village/giant_taiga/mossify",
        "projection": "rigid",
        "element_type": "minecraft:legacy_single_pool_element"
      }
    }
  ]
}
