{
  "name": "repurposed_structures:outposts/nether_brick/towers",
  "fallback": "minecraft:empty",
  "elements": [
    {
      "weight": 1,
      "element": {
        "location": "repurposed_structures:outposts/nether_brick/tower",
        "processors": "repurposed_structures:outpost/savageandravagefloor",
        "projection": "rigid",
        "element_type": "minecraft:single_pool_element"
      }
    },
    {
      "weight": 1,
      "element": {
        "location": "repurposed_structures:outposts/nether_brick/tower_aged",
        "processors": "repurposed_structures:outpost/savageandravagefloor",
        "projection": "rigid",
        "element_type": "minecraft:single_pool_element"
      }
    }
  ]
}