{
  "config": {
    "feature": {
      "config": {
        "can_replace": false,
        "project": false,
        "need_water": false,
        "xspread": 7,
        "yspread": 3,
        "zspread": 7,
        "whitelist": [
          {
            "Name": "minecraft:smooth_quartz"
          }
        ],
        "blacklist": [],
        "tries": 64,
        "state_provider": {
          "state": {
            "Name": "minecraft:soul_fire"
          },
          "type": "minecraft:simple_state_provider"
        },
        "block_placer": {
          "type": "minecraft:simple_block_placer"
        }
      },
      "type": "minecraft:random_patch",
      "name": "starmute:quartz_flats/flame"
    },
    "decorator": {
      "config": {
        "count": 45
      },
      "type": "minecraft:fire"

    }
  },
  "type": "minecraft:decorated"
}