{
  "config": {
    "feature": {
      "config": {
        "feature": {
          "config": {
            "feature": {
  "config": {
    "state_provider": {
      "entries": [
        {
          "weight": 1,
          "data": {
            "Name": "minecraft:red_stained_glass"
          }
        },
        {
          "weight": 1,
          "data": {
            "Name": "minecraft:cyan_stained_glass"
          }
        },
        {
          "weight": 3,
          "data": {
            "Name": "minecraft:white_stained_glass"
          }
        }
      ],
      "type": "minecraft:weighted_state_provider"
    }
  },
  "type": "minecraft:block_pile"
},
            "decorator": {
              "config": {
                "bottom_offset": 28,
                "top_offset": 0,
                "maximum": 128
              },
              "type": "minecraft:range"
            }
          },
          "type": "minecraft:decorated"
        },
        "decorator": {
          "config": {},
          "type": "minecraft:square"
        }
      },
      "type": "minecraft:decorated"
    },
    "decorator": {
      "config": {
        "count": 8
      },
      "type": "minecraft:count_multilayer"
    }
  },
  "type": "minecraft:decorated"
}