{
  "type": "minecraft:decorated",
  "config": {
    "decorator": {
      "type": "minecraft:iceberg",
      "config": {}
    },
    "feature": {
      "type": "minecraft:decorated",
      "config": {
        "decorator": {
          "type": "minecraft:count_multilayer",
          "config": {
            "count": {
              "base": 8,
              "spread": 8
            }
          }
        },
        "feature": {
          "type": "minecraft:ice_spike",
          "config": {}
        }
      }
    }
  }
}