{
  "config": {
    "feature": {
      "config": {
        "feature": {
          "config": {
            "feature": {
  "config": {
    "state_provider": {
      "entries": [
        {
          "weight": 16,
          "data": {
            "Name": "minecraft:smooth_quartz"
          }
        }
      ],
      "type": "minecraft:weighted_state_provider"
    }
  },
  "type": "minecraft:block_pile"
},
            "decorator": {
              "config": {
                "bottom_offset": 28,
                "top_offset": 0,
                "maximum": 36
              },
              "type": "minecraft:range"
            }
          },
          "type": "minecraft:decorated"
        },
        "decorator": {
          "config": {},
          "type": "minecraft:square"
        }
      },
      "type": "minecraft:decorated"
    },
    "decorator": {
      "config": {
        "count": 1
      },
      "type": "minecraft:count_multilayer"
    }
  },
  "type": "minecraft:decorated"
}