{
  "name": "repurposed_structures:villages/cherry/houses",
  "fallback": "minecraft:empty",
  "elements": [
    {
      "weight": 4,
      "element": {
        "location": "villagersplus:villages/cherry/alchemist",
        "processors": "repurposed_structures:villages/cherry/mossify",
        "projection": "rigid",
        "element_type": "minecraft:legacy_single_pool_element"
      }
    },
    {
      "weight": 4,
      "element": {
        "location": "villagersplus:villages/cherry/horticulturist",
        "processors": "repurposed_structures:villages/cherry/mossify",
        "projection": "rigid",
        "element_type": "minecraft:legacy_single_pool_element"
      }
    },
    {
      "weight": 4,
      "element": {
        "location": "villagersplus:villages/cherry/occultist",
        "processors": "repurposed_structures:villages/cherry/mossify",
        "projection": "rigid",
        "element_type": "minecraft:legacy_single_pool_element"
      }
    },
    {
      "weight": 4,
      "element": {
        "location": "villagersplus:villages/cherry/oceanographer",
        "processors": "repurposed_structures:villages/cherry/mossify",
        "projection": "rigid",
        "element_type": "minecraft:legacy_single_pool_element"
      }
    }
  ]
}