{
  "config": {
    "feature": {
      "config": {
        "can_replace": false,
        "project": false,
        "need_water": false,
        "xspread": 9,
        "yspread": 20,
        "zspread": 9,
        "whitelist": [
          {
            "Name": "minecraft:red_sand"
          }
        ],
        "blacklist": [],
        "tries": 240,
        "state_provider": {
          "state": {
            "Name": "minecraft:honey_block"
          },
          "type": "minecraft:simple_state_provider"
        },
        "block_placer": {
          "type": "minecraft:simple_block_placer"
        }
      },
      "type": "minecraft:random_patch",
      "name": "starmute:surface_debris"
    },
    "decorator": {
              "config": {
                "bottom_offset": 64,
                "top_offset": 0,
                "maximum": 95
      },
              "type": "minecraft:range"
    }
  },
  "type": "minecraft:decorated"
}