{
  "pieces_spawn_counts": [
    {
      "nbt_piece_name": "villagersplus:villages/oak/alchemist",
      "never_spawn_more_than_this_many": 1
    },
    {
      "nbt_piece_name": "villagersplus:villages/oak/horticulturist",
      "never_spawn_more_than_this_many": 1
    },
    {
      "nbt_piece_name": "villagersplus:villages/oak/occultist",
      "never_spawn_more_than_this_many": 1
    },
    {
      "nbt_piece_name": "villagersplus:villages/oak/oceanographer",
      "never_spawn_more_than_this_many": 1
    }
  ]
}