{
	"biomes": "#ruined_aether_portal:has_structure/ruined_aether_portal",
	"spawn_overrides": {
		"creature": {
			"bounding_box": "full",
			"spawns": [
				{
					"type": "minecraft:rabbit",
					"maxCount": 2,
					"minCount": 0,
					"weight": 1
				}
			]
		}
	},
	"type": "minecraft:jigsaw",
	"start_pool": "ruined_aether_portal:ruined_aether_portal",
	"size": 7,
	"step": "surface_structures",
	"terrain_adaptation": "beard_thin",
	"start_height": {
		"absolute": 0
	},
	"project_start_to_heightmap": "WORLD_SURFACE_WG",
	"max_distance_from_center": 80,
	"use_expansion_hack": true
}
